https://www.google.com/maps/place/Park+Inn,+Gurgaon/data=!4m10!3m9!1s0x390d1837b438e73f:0x9aa67946e7ae2cc4!5m2!4m1!1i2!8m2!3d28.459012!4d77.031737!16s%2Fg%2F1hdzgxscw!19sChIJP-c4tDcYDTkRxCyu50Z5ppo?authuser=0&hl=en&rclk=1
https://www.google.com/maps/place/OYO+Townhouse+024+Sector+47+Gurgaon/data=!4m10!3m9!1s0x390d187dcd271693:0x53979c21ff771b7d!5m2!4m1!1i2!8m2!3d28.430731!4d77.053629!16s%2Fg%2F11gd00s46y!19sChIJkxYnzX0YDTkRfRt3_yGcl1M?authuser=0&hl=en&rclk=1
https://www.google.com/maps/place/Trident+Hotel+Gurgaon/data=!4m10!3m9!1s0x390d194215555555:0x9279ae0aa03a2936!5m2!4m1!1i2!8m2!3d28.5021174!4d77.0892973!16s%2Fg%2F1td4hhp4!19sChIJVVVVFUIZDTkRNik6oAqueZI?authuser=0&hl=en&rclk=1
https://www.google.com/maps/place/The+Leela+Ambience+Gurugram+Hotel+%26+Residences/data=!4m10!3m9!1s0x39679c8110a3d073:0x75e45c130d24bf1b!5m2!4m1!1i2!8m2!3d28.5053638!4d77.0964984!16s%2Fg%2F1v_vr92b!19sChIJc9CjEIGcZzkRG78kDRNc5HU?authuser=0&hl=en&rclk=1
https://www.google.com/maps/place/The+Oberoi,+Gurgaon/data=!4m10!3m9!1s0x390d194215555555:0xff1f79a278437064!5m2!4m1!1i2!8m2!3d28.5022034!4d77.0881901!16s%2Fm%2F0h_9sml!19sChIJVVVVFUIZDTkRZHBDeKJ5H_8?authuser=0&hl=en&rclk=1
https://www.google.com/maps/place/Quality+Inn+Gurgaon/data=!4m10!3m9!1s0x390d18fc7ff70cbf:0xf928e52ca69690a6!5m2!4m1!1i2!8m2!3d28.4703831!4d77.0398463!16s%2Fg%2F1ptvzhc55!19sChIJvwz3f_wYDTkRppCWpizlKPk?authuser=0&hl=en&rclk=1
https://www.google.com/maps/place/Taj+City+Centre+Gurugram/data=!4m10!3m9!1s0x390d1e70a6c00001:0xef9030b6cd2655e2!5m2!4m1!1i2!8m2!3d28.456084!4d77.0706181!16s%2Fg%2F1hf2m6g_m!19sChIJAQDApnAeDTkR4lUmzbYwkO8?authuser=0&hl=en&rclk=1
https://www.google.com/maps/place/Radisson+Hotel+Gurugram+Sohna+Road+City+Center/data=!4m10!3m9!1s0x390d229c0a6062f5:0xcecdfc0056fefff6!5m2!4m1!1i2!8m2!3d28.4159538!4d77.0417895!16s%2Fg%2F1tffmqn2!19sChIJ9WJgCpwiDTkR9v_-VgD8zc4?authuser=0&hl=en&rclk=1
https://www.google.com/maps/place/Golden+Tulip+Suites+Gurgaon/data=!4m10!3m9!1s0x390d21d150e537b7:0xef7cf474a7138b0a!5m2!4m1!1i2!8m2!3d28.4264246!4d77.1425164!16s%2Fg%2F11g6j8zhvp!19sChIJtzflUNEhDTkRCosTp3T0fO8?authuser=0&hl=en&rclk=1
https://www.google.com/maps/place/Hyatt+Regency+Gurgaon/data=!4m10!3m9!1s0x390d3d1282f27205:0xc9b20ceb3a9ab346!5m2!4m1!1i2!8m2!3d28.3921355!4d76.9767417!16s%2Fg%2F11c5s7g0gc!19sChIJBXLyghI9DTkRRrOaOusMssk?authuser=0&hl=en&rclk=1
https://www.google.com/maps/place/Le+M%C3%A9ridien+Gurgaon,+Delhi+NCR/data=!4m10!3m9!1s0x390d1e42333060cf:0x7e18e832036f6913!5m2!4m1!1i2!8m2!3d28.4806195!4d77.1077522!16s%2Fg%2F1tjyr_hl!19sChIJz2AwM0IeDTkRE2lvAzLoGH4?authuser=0&hl=en&rclk=1
https://www.google.com/maps/place/j%C3%BCSTa+Gurgaon%2FNCR/data=!4m10!3m9!1s0x390d1ed3d17379c7:0xb3f6eea5fd764836!5m2!4m1!1i2!8m2!3d28.4839875!4d77.1067027!16s%2Fg%2F1tfzkqsh!19sChIJx3lz0dMeDTkRNkh2_aXu9rM?authuser=0&hl=en&rclk=1
https://www.google.com/maps/place/The+Westin+Gurgaon,+New+Delhi/data=!4m10!3m9!1s0x390d191c81bf691f:0x3cd72bad3b46329a!5m2!4m1!1i2!8m2!3d28.476874!4d77.0705817!16s%2Fg%2F1hm2lr4br!19sChIJH2m_gRwZDTkRmjJGO60r1zw?authuser=0&hl=en&rclk=1
https://www.google.com/maps/place/Crowne+Plaza+Gurgaon,+an+IHG+Hotel/data=!4m10!3m9!1s0x390d19a8ffffffff:0x6c02259f120c3044!5m2!4m1!1i2!8m2!3d28.468254!4d77.059928!16s%2Fg%2F1tmy3fwn!19sChIJ_____6gZDTkRRDAMEp8lAmw?authuser=0&hl=en&rclk=1
https://www.google.com/maps/place/Radisson+Gurugram+Udyog+Vihar/data=!4m10!3m9!1s0x390d1943414edf6d:0x34107571ed7a56!5m2!4m1!1i2!8m2!3d28.5097839!4d77.0921063!16s%2Fg%2F11h0blq2g!19sChIJbd9OQUMZDTkRVnrtcXUQNAA?authuser=0&hl=en&rclk=1
https://www.google.com/maps/place/Country+Inn+%26+Suites+by+Radisson,+Gurgaon+Sector+12/data=!4m10!3m9!1s0x390d19cac0000001:0x6dafd71b1f6bd85b!5m2!4m1!1i2!8m2!3d28.4682671!4d77.0380146!16s%2Fg%2F1v9l94qb!19sChIJAQAAwMoZDTkRW9hrHxvXr20?authuser=0&hl=en&rclk=1
https://www.google.com/maps/place/DoubleTree+by+Hilton+Gurugram+Baani+Square/data=!4m10!3m9!1s0x390d227daaaaaaab:0xfc26dbd7a1e3bad7!5m2!4m1!1i2!8m2!3d28.4259344!4d77.0574072!16s%2Fg%2F1hhhp2lk3!19sChIJq6qqqn0iDTkR17rjodfbJvw?authuser=0&hl=en&rclk=1
https://www.google.com/maps/place/Hotel+Haut+Monde,+Gurgaon/data=!4m10!3m9!1s0x390d18466e76756b:0x3cb1e13cdf5ae45c!5m2!4m1!1i2!8m2!3d28.4552048!4d77.0381321!16s%2Fg%2F12ml2yqns!19sChIJa3V2bkYYDTkRXORa3zzhsTw?authuser=0&hl=en&rclk=1
https://www.google.com/maps/place/The+Bristol+Hotel,+Gurgaon+(5+Star+Deluxe+Hotel)/data=!4m10!3m9!1s0x390d19a7b0aae679:0x339fb3da16c10c70!5m2!4m1!1i2!8m2!3d28.4796838!4d77.0918758!16s%2Fg%2F11hzypf3lw!19sChIJeeaqsKcZDTkRcAzBFtqznzM?authuser=0&hl=en&rclk=1
https://www.google.com/maps/place/Holiday+Inn+Gurugram+Sector+90,+an+IHG+Hotel/data=!4m10!3m9!1s0x390d3d5bba0c728d:0x3a6abfb0bc5a1884!5m2!4m1!1i2!8m2!3d28.4036975!4d76.9362499!16s%2Fg%2F11fsb29by4!19sChIJjXIMuls9DTkRhBhavLC_ajo?authuser=0&hl=en&rclk=1
https://www.google.com/maps/place/Lemon+Tree+Hotel,+Udyog+Vihar,+Gurugram/data=!4m10!3m9!1s0x390d194422b609ad:0x24b90075eea760f8!5m2!4m1!1i2!8m2!3d28.5024893!4d77.0866394!16s%2Fg%2F1tmkjbxb!19sChIJrQm2IkQZDTkR-GCn7nUAuSQ?authuser=0&hl=en&rclk=1
https://www.google.com/maps/place/Lemon+Tree+Premier,+City+Center,+Gurgaon/data=!4m10!3m9!1s0x390d18fc36eec2af:0x4536754f23def82d!5m2!4m1!1i2!8m2!3d28.4649672!4d77.0647054!16s%2Fg%2F1tlgwbkl!19sChIJr8LuNvwYDTkRLfjeI091NkU?authuser=0&hl=en&rclk=1
https://www.google.com/maps/place/Eddison+Hotel/data=!4m10!3m9!1s0x390d184a8b085f23:0x41a53a9188fc3f7a!5m2!4m1!1i2!8m2!3d28.465543!4d77.034688!16s%2Fg%2F1tfxf1wk!19sChIJI18Ii0oYDTkRej_8iJE6pUE?authuser=0&hl=en&rclk=1
https://www.google.com/maps/place/Gazebo+Inn+%26+Suites/data=!4m10!3m9!1s0x390d1868c48a6c4f:0x6f78cc03674a9f4e!5m2!4m1!1i2!8m2!3d28.441292!4d77.04295!16s%2Fg%2F11bw64wtt9!19sChIJT2yKxGgYDTkRTp9KZwPMeG8?authuser=0&hl=en&rclk=1
https://www.google.com/maps/place/Ramada+by+Wyndham+Gurgaon+Central/data=!4m10!3m9!1s0x390d18ecdf29d08b:0x348e33d326f65bc1!5m2!4m1!1i2!8m2!3d28.4498989!4d77.0711179!16s%2Fg%2F1tf567_g!19sChIJi9Ap3-wYDTkRwVv2JtMzjjQ?authuser=0&hl=en&rclk=1
https://www.google.com/maps/place/Skycity+Hotel,+Gurgaon/data=!4m10!3m9!1s0x390d1944c1bdea0d:0x55e3c7fa345e02af!5m2!4m1!1i2!8m2!3d28.458394!4d77.0351739!16s%2Fg%2F1td089nb!19sChIJDeq9wUQZDTkRrwJeNPrH41U?authuser=0&hl=en&rclk=1
https://www.google.com/maps/place/DS+Clarks+Inn+Gurgaon/data=!4m10!3m9!1s0x390d184816395391:0xb12c8ec92e20993d!5m2!4m1!1i2!8m2!3d28.4578181!4d77.0338518!16s%2Fg%2F1tmckm7l!19sChIJkVM5FkgYDTkRPZkgLsmOLLE?authuser=0&hl=en&rclk=1
https://www.google.com/maps/place/Holiday+Inn+Express+Gurugram+Sector+50,+an+IHG+Hotel/data=!4m10!3m9!1s0x390d2312b7ef7013:0xe02f7f062b40868e!5m2!4m1!1i2!8m2!3d28.4212557!4d77.052968!16s%2Fg%2F11f9x3fls5!19sChIJE3DvtxIjDTkRjoZAKwZ_L-A?authuser=0&hl=en&rclk=1
https://www.google.com/maps/place/Lemon+Tree+Premier+1,+Gurgaon/data=!4m10!3m9!1s0x390d19d2be0bf9cd:0x4085e1a89c293a90!5m2!4m1!1i2!8m2!3d28.4675692!4d77.0651927!16s%2Fg%2F11ghrf9rb4!19sChIJzfkLvtIZDTkRkDopnKjhhUA?authuser=0&hl=en&rclk=1
https://www.google.com/maps/place/Hotel+91+HUDA+City+Centre+Gurgaon/data=!4m10!3m9!1s0x390d19edebc13419:0xbe2eee8fa5cb8074!5m2!4m1!1i2!8m2!3d28.4499967!4d77.0648103!16s%2Fg%2F11qr2l1w_4!19sChIJGTTB6-0ZDTkRdIDLpY_uLr4?authuser=0&hl=en&rclk=1
https://www.google.com/maps/place/Radisson+Hotel+Sector+29+Gurugram/data=!4m10!3m9!1s0x390d18fcbfffffff:0x16b47e200de29cb0!5m2!4m1!1i2!8m2!3d28.4620443!4d77.0676206!16s%2Fg%2F1td1zn32!19sChIJ____v_wYDTkRsJziDSB-tBY?authuser=0&hl=en&rclk=1
https://www.google.com/maps/place/Red+Fox+Hotel,+Sector+60,+Gurgaon/data=!4m10!3m9!1s0x390d23c6036a487d:0x25184ee083641122!5m2!4m1!1i2!8m2!3d28.4019151!4d77.0994682!16s%2Fg%2F11dfj0jxc0!19sChIJfUhqA8YjDTkRIhFkg-BOGCU?authuser=0&hl=en&rclk=1
https://www.google.com/maps/place/Lime+Tree+Hotel+Pulkit+Gurgaon-Artemis+Hospital,+Nearest+Metro+Huda+City+Centre/data=!4m10!3m9!1s0x390d198e7ec6eb05:0x133a16184e069855!5m2!4m1!1i2!8m2!3d28.4343039!4d77.0724741!16s%2Fg%2F11nszc9gdn!19sChIJBevGfo4ZDTkRVZgGThgWOhM?authuser=0&hl=en&rclk=1
https://www.google.com/maps/place/Courtyard+by+Marriott+Gurugram+Downtown/data=!4m10!3m9!1s0x390d18c2b25beef1:0xa90ad78476f4a2c1!5m2!4m1!1i2!8m2!3d28.4607571!4d77.0805039!16s%2Fm%2F09v26l9!19sChIJ8e5bssIYDTkRwaL0doTXCqk?authuser=0&hl=en&rclk=1
https://www.google.com/maps/place/Lemon+Tree+Premier,+Leisure+Valley+2,+Gurgaon/data=!4m10!3m9!1s0x390d18fcf9a8eb13:0x221d7f9827536812!5m2!4m1!1i2!8m2!3d28.467708!4d77.0653!16s%2Fg%2F1tf9wt7v!19sChIJE-uo-fwYDTkREmhTJ5h_HSI?authuser=0&hl=en&rclk=1
https://www.google.com/maps/place/OYO+27864+Hotel+Samrat/data=!4m10!3m9!1s0x390d18364633b527:0xa23f350bc68d78a5!5m2!4m1!1i2!8m2!3d28.4600138!4d77.0320812!16s%2Fg%2F1tgxrxxt!19sChIJJ7UzRjYYDTkRpXiNxgs1P6I?authuser=0&hl=en&rclk=1
https://www.google.com/maps/place/Lemon+Tree+Hotel/data=!4m10!3m9!1s0x390d222102a0a2ef:0xb99fb89f30a7adc3!5m2!4m1!1i2!8m2!3d28.402!4d77.0998666!16s%2Fg%2F11clyn8zvv!19sChIJ76KgAiEiDTkRw62nMJ-4n7k?authuser=0&hl=en&rclk=1
https://www.google.com/maps/place/Lime+Tree+Hotel+Sushant+Lok+Gurgaon+at+Iffco+Metro+close+to+Leisure+Valley+,+Sector+29/data=!4m10!3m9!1s0x390d18c0a8bababd:0xa8bbdd708ff62afe!5m2!4m1!1i2!8m2!3d28.470102!4d77.0734758!16s%2Fg%2F11r6f91l41!19sChIJvbq6qMAYDTkR_ir2j3Ddu6g?authuser=0&hl=en&rclk=1
https://www.google.com/maps/place/Inde+Hotel+Cyber+City,+Gurgaon/data=!4m10!3m9!1s0x390d19336f198a9d:0x3b7442bf75374fa3!5m2!4m1!1i2!8m2!3d28.4927789!4d77.0907029!16s%2Fg%2F11g4djpt5b!19sChIJnYoZbzMZDTkRo083db9CdDs?authuser=0&hl=en&rclk=1
https://www.google.com/maps/place/The+Fern+Residency+Gurgaon/data=!4m10!3m9!1s0x390d184b77ac6e37:0xe065a9f7acd0faba!5m2!4m1!1i2!8m2!3d28.464712!4d77.0645165!16s%2Fg%2F1trc3bjq!19sChIJN26sd0sYDTkRuvrQrPepZeA?authuser=0&hl=en&rclk=1
https://www.google.com/maps/place/HOTEL+HARIS+MG+ROAD+GURUGRAM/data=!4m10!3m9!1s0x390d192176dab3cf:0x48e13973fd9a795!5m2!4m1!1i2!8m2!3d28.481187!4d77.0873082!16s%2Fg%2F1q5gkds0k!19sChIJz7PadiEZDTkRlafZP5cTjgQ?authuser=0&hl=en&rclk=1
https://www.google.com/maps/place/Clarens+Hotel/data=!4m10!3m9!1s0x390d22009b740001:0x8f513783eb03a19!5m2!4m1!1i2!8m2!3d28.4619384!4d77.0674089!16s%2Fg%2F1hm2z12cy!19sChIJAQB0mwAiDTkRGTqwPngT9Qg?authuser=0&hl=en&rclk=1
https://www.google.com/maps/place/The+Pllazio+Hotel/data=!4m10!3m9!1s0x390d18fcbfffffff:0x2ea6e8ec611c9b85!5m2!4m1!1i2!8m2!3d28.4644762!4d77.0640618!16s%2Fg%2F11xfw639j!19sChIJ____v_wYDTkRhZscYezopi4?authuser=0&hl=en&rclk=1
https://www.google.com/maps/place/Fortune+Select+Global,+Gurgaon/data=!4m10!3m9!1s0x390d1e1251824943:0x7c5af25f2ddd2cc5!5m2!4m1!1i2!8m2!3d28.4815808!4d77.103324!16s%2Fg%2F1tj8_y69!19sChIJQ0mCURIeDTkRxSzdLV_yWnw?authuser=0&hl=en&rclk=1
https://www.google.com/maps/place/FabExpress+Heaven+Stay/data=!4m10!3m9!1s0x390d187acb42cc7f:0xbf18412f56a4c186!5m2!4m1!1i2!8m2!3d28.434829!4d77.046686!16s%2Fg%2F11fz9jb1b3!19sChIJf8xCy3oYDTkRhsGkVi9BGL8?authuser=0&hl=en&rclk=1
https://www.google.com/maps/place/Perch+Arbor+Suites/data=!4m10!3m9!1s0x390d18c2c08664dd:0xcab7f5e5e760e958!5m2!4m1!1i2!8m2!3d28.459924!4d77.080945!16s%2Fg%2F11b_2lj62h!19sChIJ3WSGwMIYDTkRWOlg5-X1t8o?authuser=0&hl=en&rclk=1
https://www.google.com/maps/place/Treebo+Trend+Coral+Tree+-+Hotel+in+Gurgaon/data=!4m10!3m9!1s0x390d18d1aa0dc3c3:0x8e18bb622d188bf9!5m2!4m1!1i2!8m2!3d28.465268!4d77.094169!16s%2Fg%2F11c2plz0wf!19sChIJw8MNqtEYDTkR-YsYLWK7GI4?authuser=0&hl=en&rclk=1
https://www.google.com/maps/place/Hotel+Omega/data=!4m10!3m9!1s0x390d193a05a04377:0xe67b6317b6265486!5m2!4m1!1i2!8m2!3d28.450618!4d77.0683569!16s%2Fg%2F11j48yrmy6!19sChIJd0OgBToZDTkRhlQmthdje-Y?authuser=0&hl=en&rclk=1
https://www.google.com/maps/place/ibis+Gurgaon+Golf+Course+Road/data=!4m10!3m9!1s0x390d193446575533:0xa6f2db8fedbe14a0!5m2!4m1!1i2!8m2!3d28.4482776!4d77.0991588!16s%2Fg%2F1tgckpfp!19sChIJM1VXRjQZDTkRoBS-7Y_b8qY?authuser=0&hl=en&rclk=1
https://www.google.com/maps/place/Hyatt+Place+Gurgaon+Udyog+Vihar/data=!4m10!3m9!1s0x390d196e2ecccedb:0x5d37bb3c2a5ee0a1!5m2!4m1!1i2!8m2!3d28.500744!4d77.0671461!16s%2Fg%2F11b6gnwqwg!19sChIJ287MLm4ZDTkRoeBeKjy7N10?authuser=0&hl=en&rclk=1
https://www.google.com/maps/place/DoubleTree+by+Hilton+Hotel+Gurgaon+-+New+Delhi+NCR/data=!4m10!3m9!1s0x390d22042c68cab7:0xd7c71a1dc90f8240!5m2!4m1!1i2!8m2!3d28.4220381!4d77.1045333!16s%2Fg%2F1hc48ymhd!19sChIJt8poLAQiDTkRQIIPyR0ax9c?authuser=0&hl=en&rclk=1
https://www.google.com/maps/place/Aakriti+Hotels/data=!4m10!3m9!1s0x390d193cd92f69cf:0x96a86d63ed6cb7c4!5m2!4m1!1i2!8m2!3d28.5117947!4d77.0435736!16s%2Fg%2F11h4bqrn3l!19sChIJz2kv2TwZDTkRxLds7WNtqJY?authuser=0&hl=en&rclk=1
https://www.google.com/maps/place/Hotel+City+Premier/data=!4m10!3m9!1s0x390d18db3ec6903d:0x214e30a124d80f03!5m2!4m1!1i2!8m2!3d28.4628996!4d77.0868837!16s%2Fg%2F11xk1wysy!19sChIJPZDGPtsYDTkRAw_YJKEwTiE?authuser=0&hl=en&rclk=1
https://www.google.com/maps/place/Hotel+Rajwada+Gurgaon/data=!4m7!3m6!1s0x390d184a8231e9ad:0x32117f17b80476d4!8m2!3d28.4656016!4d77.0336759!16s%2Fg%2F11n0hnm_4w!19sChIJrekxgkoYDTkR1HYEuBd_ETI?authuser=0&hl=en&rclk=1
https://www.google.com/maps/place/The+Galgotias+Hotel/data=!4m10!3m9!1s0x390d19b91885cb65:0x6c2f60cda06dbbb1!5m2!4m1!1i2!8m2!3d28.5048478!4d77.0527784!16s%2Fg%2F11pdxswhym!19sChIJZcuFGLkZDTkRsbttoM1gL2w?authuser=0&hl=en&rclk=1
https://www.google.com/maps/place/Nook+Inn+%26+Suites/data=!4m10!3m9!1s0x390d1985efb9b05f:0xe9f358584da7fa61!5m2!4m1!1i2!8m2!3d28.4795763!4d77.0777587!16s%2Fg%2F11km0q0rdf!19sChIJX7C574UZDTkRYfqnTVhY8-k?authuser=0&hl=en&rclk=1
https://www.google.com/maps/place/Park+Inn,+Gurgaon/data=!4m10!3m9!1s0x390d18370ebb6359:0x9aa67946e7ae2cc4!5m2!4m1!1i2!8m2!3d28.4590115!4d77.0317374!16s%2Fg%2F1hdzgxscw!19sChIJWWO7DjcYDTkRxCyu50Z5ppo?authuser=0&hl=en&rclk=1
https://www.google.com/maps/place/HOTEL+INDIYAAH+INN/data=!4m10!3m9!1s0x390d19252764af51:0x564a8b090ef4bc08!5m2!4m1!1i2!8m2!3d28.4831722!4d77.0942666!16s%2Fg%2F11_qdjqst!19sChIJUa9kJyUZDTkRCLz0DgmLSlY?authuser=0&hl=en&rclk=1
https://www.google.com/maps/place/Nemesia+City+Center+-+Gurugram,+Sector+29/data=!4m10!3m9!1s0x390d19ef9210019b:0xc72abea17552db6f!5m2!4m1!1i2!8m2!3d28.4622186!4d77.0678637!16s%2Fg%2F11s1bhctcv!19sChIJmwEQku8ZDTkRb9tSdaG-Ksc?authuser=0&hl=en&rclk=1
https://www.google.com/maps/place/Park+Plaza+Gurugram/data=!4m10!3m9!1s0x390d18e89246c59b:0x5b1f0ac7dbbdefb3!5m2!4m1!1i2!8m2!3d28.4595366!4d77.0757185!16s%2Fg%2F1tfl_vl1!19sChIJm8VGkugYDTkRs--928cKH1s?authuser=0&hl=en&rclk=1
https://www.google.com/maps/place/Bloom+-+Golf+Course+Road/data=!4m10!3m9!1s0x390d19d5845c0895:0x736ac0bd18ae8ea9!5m2!4m1!1i2!8m2!3d28.4565532!4d77.0966758!16s%2Fg%2F11rk26yb31!19sChIJlQhchNUZDTkRqY6uGL3AanM?authuser=0&hl=en&rclk=1
https://www.google.com/maps/place/Treebo+Trend+Corporate+32+-+Hotel+in+Gurgaon/data=!4m10!3m9!1s0x390d190561d0beb3:0x8e1691f4ec89e885!5m2!4m1!1i2!8m2!3d28.4520264!4d77.0444768!16s%2Fg%2F11lgqdgl_k!19sChIJs77QYQUZDTkRheiJ7PSRFo4?authuser=0&hl=en&rclk=1
https://www.google.com/maps/place/Mavens+House+-+Hotel+at+Sector+52+Gurgaon,/data=!4m10!3m9!1s0x390d198327242509:0xd832364a1d08e772!5m2!4m1!1i2!8m2!3d28.4345922!4d77.0706561!16s%2Fg%2F11cn15lzsc!19sChIJCSUkJ4MZDTkRcucIHUo2Mtg?authuser=0&hl=en&rclk=1
https://www.google.com/maps/place/FabHotel+Rallkmas/data=!4m10!3m9!1s0x390d194f3ae40d5f:0x64c5a5636c181ae4!5m2!4m1!1i2!8m2!3d28.4821006!4d77.08468!16s%2Fg%2F11fjy3ym_w!19sChIJXw3kOk8ZDTkR5BoYbGOlxWQ?authuser=0&hl=en&rclk=1
https://www.google.com/maps/place/Treebo+Trend+IFFCO+Chowk+-+Hotel+in+Gurgaon/data=!4m10!3m9!1s0x390d19707ae574d9:0x5c0b6bdaca9f34b6!5m2!4m1!1i2!8m2!3d28.4715543!4d77.0738054!16s%2Fg%2F11g0vylgnw!19sChIJ2XTlenAZDTkRtjSfytprC1w?authuser=0&hl=en&rclk=1
https://www.google.com/maps/place/Mavens+Inn/data=!4m10!3m9!1s0x390d1963e3509b15:0xaa870e971dfc6c58!5m2!4m1!1i2!8m2!3d28.4379791!4d77.1026583!16s%2Fg%2F11fqcqby_l!19sChIJFZtQ42MZDTkRWGz8HZcOh6o?authuser=0&hl=en&rclk=1
https://www.google.com/maps/place/THE+WOODS/data=!4m10!3m9!1s0x390d188a100d75c1:0x41445e6f3a27b526!5m2!4m1!1i2!8m2!3d28.442424!4d77.057245!16s%2Fg%2F1wfvl167!19sChIJwXUNEIoYDTkRJrUnOm9eREE?authuser=0&hl=en&rclk=1
https://www.google.com/maps/place/OYO+17425+Dwarka+Palace/data=!4m10!3m9!1s0x390d16305ad68f59:0x233d785fcc5d3526!5m2!4m1!1i2!8m2!3d28.428205!4d76.954777!16s%2Fg%2F11fjzwf4zv!19sChIJWY_WWjAWDTkRJjVdzF94PSM?authuser=0&hl=en&rclk=1
https://www.google.com/maps/place/U+S+FORTUNE+HOTEL/data=!4m10!3m9!1s0x390d19372532a3a7:0x993c6339cacb5a18!5m2!4m1!1i2!8m2!3d28.473667!4d77.0191798!16s%2Fg%2F11h5mfy3m9!19sChIJp6MyJTcZDTkRGFrLyjljPJk?authuser=0&hl=en&rclk=1
https://www.google.com/maps/place/HOTEL+MARQUIS+GURGAON+INDIA/data=!4m7!3m6!1s0x390d2274b41847a5:0x577245884b286385!8m2!3d28.4219753!4d77.0791496!16s%2Fg%2F11fpd8774h!19sChIJpUcYtHQiDTkRhWMoS4hFclc?authuser=0&hl=en&rclk=1
https://www.google.com/maps/place/Hotel+Doves+Inn,+Gurgaon/data=!4m10!3m9!1s0x390d19ac975056d7:0xa79312fd056bd70b!5m2!4m1!1i2!8m2!3d28.4665299!4d77.0413039!16s%2Fg%2F1w2ys7t3!19sChIJ11ZQl6wZDTkRC9drBf0Sk6c?authuser=0&hl=en&rclk=1
https://www.google.com/maps/place/Perch+Arbor+Suites/data=!4m10!3m9!1s0x390d18c2c066773b:0xcab7f5e5e760e958!5m2!4m1!1i2!8m2!3d28.4599238!4d77.0809446!16s%2Fg%2F11b_2lj62h!19sChIJO3dmwMIYDTkRWOlg5-X1t8o?authuser=0&hl=en&rclk=1
https://www.google.com/maps/place/FabHotel+The+Residency/data=!4m10!3m9!1s0x390d18e0e9400001:0x4f20f99810734457!5m2!4m1!1i2!8m2!3d28.4682768!4d77.077647!16s%2Fg%2F11g7_g79xw!19sChIJAQBA6eAYDTkRV0RzEJj5IE8?authuser=0&hl=en&rclk=1
https://www.google.com/maps/place/Vivid+Boutique+Hotel/data=!4m10!3m9!1s0x390d186e6aaaaaad:0xa41c325ff969ecc6!5m2!4m1!1i2!8m2!3d28.4350443!4d77.0435115!16s%2Fg%2F11f5ly6ps1!19sChIJraqqam4YDTkRxuxp-V8yHKQ?authuser=0&hl=en&rclk=1
https://www.google.com/maps/place/Lime+Tree+Hotel+Nearby+32nd+Avenue+%7C+Sector+15+Gurgaon+%7C+Hotel+Near+Udyog+Vihar+Gurgaon/data=!4m10!3m9!1s0x390d196b082ab883:0x5fd43f6a861ea175!5m2!4m1!1i2!8m2!3d28.4627203!4d77.0499854!16s%2Fg%2F11p5l5_v0n!19sChIJg7gqCGsZDTkRdaEehmo_1F8?authuser=0&hl=en&rclk=1
https://www.google.com/maps/place/Bloom+Boutique+%7C+Signature+Towers/data=!4m10!3m9!1s0x390d18f92e193071:0x9fdb5a7c412209a8!5m2!4m1!1i2!8m2!3d28.4644111!4d77.0600559!16s%2Fg%2F11btxjkrvv!19sChIJcTAZLvkYDTkRqAkiQXxa258?authuser=0&hl=en&rclk=1
https://www.google.com/maps/place/Staayz+Premium,+Gurugram+-+Hotel+%26+Studio+Apartments/data=!4m10!3m9!1s0x390d1934ffedf709:0x4261389ceebcdef9!5m2!4m1!1i2!8m2!3d28.4940665!4d77.0995289!16s%2Fg%2F11cltbkqq_!19sChIJCfft_zQZDTkR-d687pw4YUI?authuser=0&hl=en&rclk=1
https://www.google.com/maps/place/Hotel+Golf+View+Suites/data=!4m10!3m9!1s0x390d18c95cba72a9:0x8629fe9fb412d40c!5m2!4m1!1i2!8m2!3d28.455842!4d77.096061!16s%2Fg%2F1hm4yhqt4!19sChIJqXK6XMkYDTkRDNQStJ_-KYY?authuser=0&hl=en&rclk=1
https://www.google.com/maps/place/OYO+11559+Lakshay+Residency/data=!4m10!3m9!1s0x390d18f7d019d9e9:0xad6ea97639761c8b!5m2!4m1!1i2!8m2!3d28.4566339!4d77.0571292!16s%2Fg%2F11f4wtfsl1!19sChIJ6dkZ0PcYDTkRixx2OXapbq0?authuser=0&hl=en&rclk=1
https://www.google.com/maps/place/The+Acura+BMK/data=!4m10!3m9!1s0x390d183560768b59:0x9b51c01c59de2a5e!5m2!4m1!1i2!8m2!3d28.4505688!4d77.0318392!16s%2Fg%2F1tf147vy!19sChIJWYt2YDUYDTkRXireWRzAUZs?authuser=0&hl=en&rclk=1
https://www.google.com/maps/place/Imperial+Park/data=!4m10!3m9!1s0x390d19633ccc00bb:0x268eee1b6644b3c0!5m2!4m1!1i2!8m2!3d28.4503582!4d77.0650848!16s%2Fg%2F11fb0_9v92!19sChIJuwDMPGMZDTkRwLNEZhvujiY?authuser=0&hl=en&rclk=1
https://www.google.com/maps/place/The+Palm+Suites+%7C+Hotels+In+Sector+38+Gurgaon+%7C+3+Star+Hotels+Near+Medanta+%7C+Best+Hotels+In+Sector+38+Gurgaon/data=!4m10!3m9!1s0x390d195a3ab2b437:0x92b580edc94ab493!5m2!4m1!1i2!8m2!3d28.433995!4d77.0476583!16s%2Fg%2F11smbrll7k!19sChIJN7SyOloZDTkRk7RKye2AtZI?authuser=0&hl=en&rclk=1
https://www.google.com/maps/place/Golden+Tulip,+Sector+29,+Gurugram/data=!4m10!3m9!1s0x390d18fb81734a73:0x6e58e0644ba9a4ed!5m2!4m1!1i2!8m2!3d28.4650794!4d77.0646484!16s%2Fg%2F11f5d3nsz2!19sChIJc0pzgfsYDTkR7aSpS2TgWG4?authuser=0&hl=en&rclk=1
https://www.google.com/maps/place/Hotel+Mulberry+Retreat/data=!4m10!3m9!1s0x390d220f3b980d49:0xbf4ac5310d887ea1!5m2!4m1!1i2!8m2!3d28.4208847!4d77.0891286!16s%2Fg%2F12ltc7l1n!19sChIJSQ2YOw8iDTkRoX6IDTHFSr8?authuser=0&hl=en&rclk=1
https://www.google.com/maps/place/Gazebo+Inn+%26+Suites/data=!4m10!3m9!1s0x390d1868c36460d3:0x6f78cc03674a9f4e!5m2!4m1!1i2!8m2!3d28.4412922!4d77.0429505!16s%2Fg%2F11bw64wtt9!19sChIJ02Bkw2gYDTkRTp9KZwPMeG8?authuser=0&hl=en&rclk=1
https://www.google.com/maps/place/SilverKey+Executive+Stays+20016+Huda+City+Centre/data=!4m10!3m9!1s0x390d1926e6e63057:0xdae1d44ad1a4000!5m2!4m1!1i2!8m2!3d28.4471842!4d77.0594869!16s%2Fg%2F11gjxfldjl!19sChIJVzDm5iYZDTkRAEAarUQdrg0?authuser=0&hl=en&rclk=1
https://www.google.com/maps/place/FabHotel+UR+By+Ashokas+-+100%25+Safe+Place+to+Stay/data=!4m10!3m9!1s0x390d18d74b8c7ea5:0x5368c0c26ef53c30!5m2!4m1!1i2!8m2!3d28.4659549!4d77.0938272!16s%2Fg%2F12q4rmgyh!19sChIJpX6MS9cYDTkRMDz1bsLAaFM?authuser=0&hl=en&rclk=1
https://www.google.com/maps/place/Swasno+Hotel/data=!4m10!3m9!1s0x390d18344533a34f:0x39e425e3632afed!5m2!4m1!1i2!8m2!3d28.4811547!4d77.087492!16s%2Fg%2F1tdlsnvj!19sChIJT6MzRTQYDTkR7a8yNl5CngM?authuser=0&hl=en&rclk=1
https://www.google.com/maps/place/Capital+O+325+Hotel+Silver+Star/data=!4m10!3m9!1s0x390d186512645d7d:0x3ed6aa28c1d9d862!5m2!4m1!1i2!8m2!3d28.436995!4d77.04658!16s%2Fg%2F11bt_jbtf5!19sChIJfV1kEmUYDTkRYtjZwSiq1j4?authuser=0&hl=en&rclk=1
https://www.google.com/maps/place/DS+Clarks+Inn+Gurgaon/data=!4m10!3m9!1s0x390d1848193c3ea5:0xb12c8ec92e20993d!5m2!4m1!1i2!8m2!3d28.457818!4d77.033852!16s%2Fg%2F1tmckm7l!19sChIJpT48GUgYDTkRPZkgLsmOLLE?authuser=0&hl=en&rclk=1
https://www.google.com/maps/place/Hotel+Bizzotel/data=!4m10!3m9!1s0x390d19c9d1038909:0x996b446312a49a39!5m2!4m1!1i2!8m2!3d28.4690232!4d77.0384539!16s%2Fg%2F11qwwyffwl!19sChIJCYkD0ckZDTkROZqkEmNEa5k?authuser=0&hl=en&rclk=1
https://www.google.com/maps/place/OYO+532+Hotel+Alpine+Park/data=!4m10!3m9!1s0x390d1947c33fff8d:0xc8a220703ee30b85!5m2!4m1!1i2!8m2!3d28.486233!4d77.093199!16s%2Fg%2F1tcx5d7q!19sChIJjf8_w0cZDTkRhQvjPnAgosg?authuser=0&hl=en&rclk=1
https://www.google.com/maps/place/Sona+SouthCity+Hotel+Near+Huda+City+Centre+Metro+Station+Gurugram%7C+3+star+hotels+in+gurgaon/data=!4m10!3m9!1s0x390ce28052fd515b:0x65cb7d9ea3a0970b!5m2!4m1!1i2!8m2!3d28.4570093!4d77.0699572!16s%2Fg%2F11j2zktqqz!19sChIJW1H9UoDiDDkRC5ego559y2U?authuser=0&hl=en&rclk=1
https://www.google.com/maps/place/Hotel+Grace/data=!4m10!3m9!1s0x390d194c4f10568d:0xbed762693f657063!5m2!4m1!1i2!8m2!3d28.4647277!4d77.0301476!16s%2Fg%2F11fh_9t3b2!19sChIJjVYQT0wZDTkRY3BlP2li174?authuser=0&hl=en&rclk=1
https://www.google.com/maps/place/Hotel+Destiny+Inn+-+Best+Hotel+In+Gurgaon+-+Best+Cheap+Hotel+Near+Bus+Stand+Sec+12+Gurgaon/data=!4m10!3m9!1s0x390cf1bc24ae8f4f:0x59e9ce17e42ad175!5m2!4m1!1i2!8m2!3d28.4752905!4d77.0353026!16s%2Fg%2F11b746v7dx!19sChIJT4-uJLzxDDkRddEq5BfO6Vk?authuser=0&hl=en&rclk=1
https://www.google.com/maps/place/OYO+Flagship+12780+New+Hotel+Rajwada/data=!4m10!3m9!1s0x390d1835853eb025:0xc1e194345e0392ad!5m2!4m1!1i2!8m2!3d28.464283!4d77.0331135!16s%2Fg%2F11cnnx5tsq!19sChIJJbA-hTUYDTkRrZIDXjSU4cE?authuser=0&hl=en&rclk=1
https://www.google.com/maps/place/wedlock+hotels/data=!4m10!3m9!1s0x390d187dcd2179cb:0x7527e1265233f9b9!5m2!4m1!1i2!8m2!3d28.43072!4d77.053646!16s%2Fg%2F11nxn_0yn6!19sChIJy3khzX0YDTkRufkzUibhJ3U?authuser=0&hl=en&rclk=1
https://www.google.com/maps/place/Haryana+Hotel/data=!4m7!3m6!1s0x390d195e351a5223:0x9fb7c18fa218d4c9!8m2!3d28.4772418!4d77.0314839!16s%2Fg%2F11ght8psf5!19sChIJI1IaNV4ZDTkRydQYoo_Bt58?authuser=0&hl=en&rclk=1
https://www.google.com/maps/place/The+League+Hotel/data=!4m10!3m9!1s0x390d19b3a49c1001:0xf267d43701b0fd98!5m2!4m1!1i2!8m2!3d28.4746613!4d77.0427915!16s%2Fg%2F11cncmn94b!19sChIJARCcpLMZDTkRmP2wATfUZ_I?authuser=0&hl=en&rclk=1
https://www.google.com/maps/place/Dreamz+Hospitality/data=!4m10!3m9!1s0x390d195abfd3b3a1:0x89a3831cdfa574f0!5m2!4m1!1i2!8m2!3d28.4469778!4d77.0644937!16s%2Fg%2F11mvmxkzw_!19sChIJobPTv1oZDTkR8HSl3xyDo4k?authuser=0&hl=en&rclk=1
https://www.google.com/maps/place/Savoy+Suites,+Manesar/data=!4m10!3m9!1s0x390d3c4b3a90ae75:0xcf1659069cc18349!5m2!4m1!1i2!8m2!3d28.3663857!4d76.943799!16s%2Fm%2F010ptvbl!19sChIJda6QOks8DTkRSYPBnAZZFs8?authuser=0&hl=en&rclk=1
https://www.google.com/maps/place/OYO+37327+Hotel+Gurugram/data=!4m10!3m9!1s0x390d19452987dc0b:0x28dee55e2bfe2d37!5m2!4m1!1i2!8m2!3d28.498638!4d77.063973!16s%2Fg%2F11h42msq1g!19sChIJC9yHKUUZDTkRNy3-K17l3ig?authuser=0&hl=en&rclk=1
https://www.google.com/maps/place/Adhaar+Hotel/data=!4m10!3m9!1s0x390d192f7cb26aa1:0xed55f5dbc0810a03!5m2!4m1!1i2!8m2!3d28.4815772!4d77.0920535!16s%2Fg%2F11f11nmrjb!19sChIJoWqyfC8ZDTkRAwqBwNv1Ve0?authuser=0&hl=en&rclk=1
https://www.google.com/maps/place/Collection+O+90573+Platinum+SQS+Key/data=!4m10!3m9!1s0x390d19d98d798dc3:0x443c2cd0203b5cfd!5m2!4m1!1i2!8m2!3d28.4564371!4d77.0569843!16s%2Fg%2F11q_bcy8cd!19sChIJw415jdkZDTkR_Vw7INAsPEQ?authuser=0&hl=en&rclk=1
https://www.google.com/maps/place/Oyo+Flagship+75559+City+View/data=!4m10!3m9!1s0x390d1924befbe2e5:0x36e125ab00463106!5m2!4m1!1i2!8m2!3d28.4814462!4d77.0866396!16s%2Fg%2F11lhcjckw1!19sChIJ5eL7viQZDTkRBjFGAKsl4TY?authuser=0&hl=en&rclk=1
https://www.google.com/maps/place/7110+Residency/data=!4m10!3m9!1s0x390d18c52db436a5:0x252a6e0b1c7b5868!5m2!4m1!1i2!8m2!3d28.4616435!4d77.0893424!16s%2Fg%2F1hdzbgkhc!19sChIJpTa0LcUYDTkRaFh7HAtuKiU?authuser=0&hl=en&rclk=1
https://www.google.com/maps/place/GRT+RESIDENCY+HOTEL+AND+BANQUET/data=!4m10!3m9!1s0x390d197e106a9d4b:0x992158b82549e4e7!5m2!4m1!1i2!8m2!3d28.4877777!4d77.0112278!16s%2Fg%2F11gx_7ndxp!19sChIJS51qEH4ZDTkR5-RJJbhYIZk?authuser=0&hl=en&rclk=1
https://www.google.com/maps/place/Hotel+MIZU/data=!4m10!3m9!1s0x390d19f376cd66af:0x81a3eef826e36f8d!5m2!4m1!1i2!8m2!3d28.4645279!4d77.0498481!16s%2Fg%2F11pzyf2bcd!19sChIJr2bNdvMZDTkRjW_jJvjuo4E?authuser=0&hl=en&rclk=1
https://www.google.com/maps/place/Capital+O+11479+Altus+residency/data=!4m10!3m9!1s0x390d193bc99d72b7:0x8dc2715f0c51b49e!5m2!4m1!1i2!8m2!3d28.4892849!4d77.087741!16s%2Fg%2F11f4wtdywb!19sChIJt3KdyTsZDTkRnrRRDF9xwo0?authuser=0&hl=en&rclk=1
https://www.google.com/maps/place/OYO+350+The+Orange+Hotel/data=!4m10!3m9!1s0x390d185e31fb655d:0x2f02c4839c1816f4!5m2!4m1!1i2!8m2!3d28.4355305!4d77.0495651!16s%2Fg%2F11c0qfqpcn!19sChIJXWX7MV4YDTkR9BYYnIPEAi8?authuser=0&hl=en&rclk=1
https://www.google.com/maps/place/Skycity+Hotel,+Gurgaon/data=!4m10!3m9!1s0x390d1848417a0c47:0x55e3c7fa345e02af!5m2!4m1!1i2!8m2!3d28.458394!4d77.035174!16s%2Fg%2F1td089nb!19sChIJRwx6QUgYDTkRrwJeNPrH41U?authuser=0&hl=en&rclk=1
https://www.google.com/maps/place/Platinum+Palace/data=!4m10!3m9!1s0x390d186f750440a3:0xf70e8e326186a457!5m2!4m1!1i2!8m2!3d28.437638!4d77.043645!16s%2Fg%2F11f13p31c9!19sChIJo0AEdW8YDTkRV6SGYTKODvc?authuser=0&hl=en&rclk=1
https://www.google.com/maps/place/Townhouse+OAK+Elite+Oakland/data=!4m10!3m9!1s0x390d3d7f1e778235:0x4d02c1fd8d8123d0!5m2!4m1!1i2!8m2!3d28.3936999!4d76.9701695!16s%2Fg%2F11r_tqyfbv!19sChIJNYJ3Hn89DTkR0COBjf3BAk0?authuser=0&hl=en&rclk=1
https://www.google.com/maps/place/Kohsa7/data=!4m10!3m9!1s0x390d195906e6c06b:0xe50679865f762c98!5m2!4m1!1i2!8m2!3d28.471187!4d77.0442649!16s%2Fg%2F11jbc9_07p!19sChIJa8DmBlkZDTkRmCx2X4Z5BuU?authuser=0&hl=en&rclk=1
https://www.google.com/maps/place/Flagship+25106+Swastik+Hospitality/data=!4m10!3m9!1s0x390d1922ce94e9d3:0xc8e23c70752bc2a8!5m2!4m1!1i2!8m2!3d28.4803813!4d77.0758909!16s%2Fg%2F11gy3hc9l6!19sChIJ0-mUziIZDTkRqMIrdXA84sg?authuser=0&hl=en&rclk=1
https://www.google.com/maps/place/Inde+Hotel+Vista+Woods/data=!4m10!3m9!1s0x390d18f3181adcb5:0x422039fd0028ad40!5m2!4m1!1i2!8m2!3d28.4494718!4d77.0644281!16s%2Fg%2F1tvt8r2t!19sChIJtdwaGPMYDTkRQK0oAP05IEI?authuser=0&hl=en&rclk=1
https://www.google.com/maps/place/Itsy+By+Treebo+-+Hotel+Rainam/data=!4m10!3m9!1s0x390d19864f48c605:0xab0b56a4e3afdb2f!5m2!4m1!1i2!8m2!3d28.4299669!4d77.0447187!16s%2Fg%2F11n_x403q6!19sChIJBcZIT4YZDTkRL9uv46RWC6s?authuser=0&hl=en&rclk=1
https://www.google.com/maps/place/The+Atara/data=!4m10!3m9!1s0x390d19261b7b5719:0x335573644d2761ef!5m2!4m1!1i2!8m2!3d28.4775942!4d77.0912039!16s%2Fg%2F12vrk1tlf!19sChIJGVd7GyYZDTkR72EnTWRzVTM?authuser=0&hl=en&rclk=1
https://www.google.com/maps/place/Mavens+Orange+-+Hotel+Near+Artemis+Hospital/data=!4m10!3m9!1s0x390d1900a1bc9321:0x2ae7b67162b536ae!5m2!4m1!1i2!8m2!3d28.4346833!4d77.070522!16s%2Fg%2F11hf80jy_9!19sChIJIZO8oQAZDTkRrja1YnG25yo?authuser=0&hl=en&rclk=1